text,label
"['mandor', 'bacan', 'kapok', 'balas', 'dendam', 'murtado', 'mandor', 'bacan', 'bek', 'lihun', 'bunuh', 'bayar', 'daerah', 'kebayoran', 'tiga', 'bunuh', 'bayar', 'nama', 'boseh', 'kepleng', 'boneng', 'bayar', 'bunuh', 'murtado']",1
"['malam', 'murtado', 'tidur', 'rumah', 'tiga', 'bunuh', 'bayar', 'selinap', 'masuk', 'rumah', 'murtado', 'murtado', 'sadar', 'datang', 'bunuh', 'bayar', 'atur', 'siasat', 'kalah', 'musuh', 'mati', 'lampu', 'tiga', 'bunuh', 'bayar', 'bingung', 'serang', 'murtado', 'bingung', 'kepleng', 'salah', 'arah', 'golok', 'orang', 'depan', 'murtado', 'orang', 'boseh', 'ahli', 'bela', 'murtado', 'kalah', 'kepleng', 'bonong']",1
"['daerah', 'mayor', 'ancam', 'laku', 'gerombol', 'rampok', 'pimpin', 'warsa', 'rampok', 'segan', 'bunuh', 'rakyat', 'murtado', 'panggil', 'henti', 'kejam', 'warsa', 'gerombol', 'tani', 'saomin', 'sarpin', 'murtado', 'pergi', 'cari', 'warsa']",1
"['bang', 'maman', 'bantu', 'patme', 'pura', 'istri', 'simpan', 'salim', 'patme', 'tuju', 'minta', 'bang', 'maman', 'patme', 'rumah', 'salim', 'bicara', 'ijah', 'patme', 'aku', 'istri', 'salim', 'patme', 'ijah', 'tengkar', 'ijah', 'kecewa', 'marah', 'salim']",1
"['perempuan', 'masuk', 'bilik', 'kamar', 'senja', 'usaha', 'kubur', 'letih', 'pagi', 'letih', 'akan', 'hidup', 'beban', 'berat', 'bawa', 'masuk', 'bilik', 'kamar', 'tutup', 'kain', 'bilik', 'warung', 'remang', 'pinggir', 'kota', 'banting', 'tulang', 'hidup', 'keluarga', 'kampung', 'bilik', 'tunggu', 'lelaki', 'sambut']",1
"['tahun', 'silam', 'mandor', 'tebang', 'kayu', 'mandi', 'telaga', 'peristiwa', 'renggut', 'gadis', 'timbul', 'tumbuh', 'janin', 'perut', 'terima', 'lahir', 'bayi', 'tinggal', 'orangtuanya', 'lari', 'kota', 'sadar', 'buat', 'hidup', 'anak', 'kandung', 'darah', 'daging', 'anak', 'hina', 'dunia', 'warung', 'remang', 'jaja', 'badan', 'apa', 'apa', 'laku', 'hidup', 'anak']",1
"['cantik', 'mari', 'suara', 'buyar', 'lamun', 'ragu', 'laden', 'rayu', 'lelaki', 'sebentar', 'kelam', 'seret', 'sadar', 'lupa', 'pahit', 'hidup', 'lupa', 'derita', 'sosok', 'lelaki', 'nista', 'sosok', 'jabang', 'bayi', 'ruak', 'celah', 'selangkang', 'sadar', 'bawa', 'perempuan', 'waktu', 'mudah', 'hempas', 'jerat', 'nafsu', 'kali', 'bulat', 'tekad', 'kuasa', 'sepenuh', 'daya', 'tubuh']",1
"['gairah', 'lelaki', 'sempurna', 'ingin']",1
"['lelaki', 'senyum', 'lebar', 'ulur', 'gelas', 'minum', 'perempuan', 'sambut', 'tuntas', 'teguk', 'tenggelam', 'peluk', 'cium']",1
"['tanggung', 'keluarga', 'contoh', 'hidup', 'anak', 'suami', 'tinggal', 'penuh', 'butuh', 'hidup', 'anak', 'lacur', 'hidup', 'tanggung', 'tiga', 'anak']",1
"['perempuan', 'muda', 'hadap', 'kabayan', 'amat', 'perempuan', 'wajah', 'cantik', 'kalah', 'artis', 'sinetron', 'istri', 'simpan', 'jabat', 'kabayan', 'jabat', 'pikir', 'jadi', 'selingkuh', 'ah', 'kabayan', 'otak', 'ngeres', 'tuhan', 'percaya', 'jabat', 'jalan', 'mudah', 'goda', 'sakit', 'jabat', 'harta', 'tahta', 'wanita']",1
"['sih', 'lihat', 'tubuh', 'tamu', 'kabayan', 'tubuh', 'subur', 'tubuh', 'seksi', 'benar', 'seksi', 'suami', 'pasi', 'suka', 'tolong', 'bantu', 'kurus', 'tubuh']",1
"['menit', 'menit', 'mata', 'pejam', 'silang', 'kaki', 'kuat', 'guling', 'iseng', 'gerak', 'tubuh', 'turun', 'eh', 'asyik', 'jantung', 'debar', 'senang']",1
"['temu', 'main', 'asyik', 'masuk', 'tangan', 'celana', 'ulang']",1
"['kasuari', 'milik', 'badan', 'sayap', 'lebar', 'terbang', 'kasuari', 'serakah', 'petik', 'buah', 'masak', 'buah', 'sembunyi', 'sayap-', 'nya', 'burung', 'bagi', 'burung', 'serakah', 'kasuari', 'ekor', 'burung', 'teman', 'dengan', 'kasuari', 'peduli']",0
"['lama-kemalaan', 'kasuari', 'serakah', 'buah', 'pohon', 'ambil', 'buah', 'jatuh', 'tanah', 'burung', 'jengkel', 'cari', 'kasuari', 'sadar', 'sifat', 'serakah', 'lomba', 'terbang', 'terbang', 'menang', 'kasuari', 'kalah', 'curang', 'usul', 'dara', 'makota']",0
"['lawan', 'kasuari', 'badan', 'sayap', 'lebar', 'epak', 'sayap', 'terbang', 'menang', 'pipit', 'pesimis', 'akal', 'serah', 'kepada', 'lawan', 'lomba', 'dara', 'makota', 'senyum', 'usaha', 'teman', 'teman', 'dara', 'makota', 'pandang', 'bertanyatanya', 'hati', 'dara', 'makota', 'tubuh', 'kalah', 'kasuari', 'dara', 'makota', 'tantang', 'kasuari', 'kasuari', 'tuju', 'tantang', 'dara', 'makota']",0
"['tanding', 'burung', 'hadir', 'saksi', 'sombong', 'kasuari', 'tertawa', 'dara', 'makota', 'serah', 'malu', 'ejek', 'kasuari', 'dara', 'makota', 'geming', 'tertawa', 'menang', 'sahut', 'dara', 'makota', 'kasuari', 'dara', 'makota', 'tanding', 'lesat', 'kencang', 'kasuari', 'terbang', 'cepat', 'kasuari', 'toleh', 'dara', 'makota', 'belakang', 'takut', 'dara', 'makota', 'susul', 'asyik', 'toleh', 'braak', 'kasuari', 'tabrak', 'batang', 'pohon', 'belah', 'sayap', 'patah', 'hadir', 'tegun', 'kasuari', 'serah', 'usaha', 'bangkit', 'mengepakngepakkan', 'sayap', 'sayang', 'jatuh', 'gelepar', 'tanah']",0
"['dara', 'makota', 'lesat', 'tinggal', 'kasuari', 'kasuari', 'pandang', 'dara', 'makota', 'malu', 'makhluk', 'lemah', 'burung', 'hebat', 'kejap', 'terbang', 'burung', 'turun', 'tanah', 'bantu', 'kasuari', 'kasuari', 'malu', 'curang', 'kasuari', 'sadar', 'ubah', 'perilaku', 'sayang', 'kasuari', 'terbang', 'cari', 'makan', 'tanah']",0
"['putri', 'tangguk', 'tinggal', 'suami', 'tujuh', 'anak', 'daerah', 'jambi', 'putri', 'tangguk', 'milik', 'petak', 'sawah', 'tanam', 'padi', 'aneh', 'selesai', 'panen', 'padi', 'muncul', 'panen', 'tujuh', 'lumbung', 'putri', 'tangguk', 'penuh', 'tampung', 'hasil', 'panen', 'panen', 'putri', 'tangguk', 'ajak', 'suami', 'anak', 'sawah', 'masuk', 'hasil', 'panen', 'gerobak', 'panen', 'selesai', 'sedia', 'padi', 'putri', 'tangguk', 'dorong', 'gerobak']",0
"['jalan', 'putri', 'tangguk', 'jatuh', 'peleset', 'aduuuuh', 'teriak', 'putri', 'tangguk', 'hati', 'bu', 'malam', 'hujan', 'deras', 'jalan', 'licin', 'suami', 'putri', 'tangguk', 'bantu', 'diri', 'gara-gara', 'hujan', 'jalan', 'licin', 'jalan', 'rumah', 'bisa', 'jatuh', 'gerutu', 'putri', 'tangguk', 'putri', 'tangguk', 'ambil', 'padi', 'gerobak', 'padi', 'tebar', 'jalan', 'perilaku', 'ibu', 'si', 'anak', 'sulung', 'laku', 'buang', 'padi', 'jalan', 'buang', 'padi', 'padi', 'ganti', 'pasir', 'tebar', 'jalan', 'licin', 'putri', 'tangguk']",0
"['istri', 'padi', 'makan', 'buang', 'makan', 'nasihat', 'suami', 'putri', 'tangguk', 'putri', 'tangguk', 'indah', 'nasihat', 'suami', 'putri', 'tangguk', 'bantah', 'bodoh', 'padi', 'kau', 'jatuh', 'tulang', 'patah', 'bantah', 'putri', 'tangguk', 'tebar', 'padi', 'jalan', 'panen', 'putri', 'tangguk', 'sawah', 'rumah', 'rawat', 'tujuh', 'anak']",0
"['malam', 'anak', 'bungsu', 'putri', 'tangguk', 'rengek', 'lapar', 'putri', 'tangguk', 'dapur', 'ambil', 'nasi', 'alangkah', 'kejut', 'dapat', 'panci', 'kosong', 'panci', 'kosong', 'sisa', 'nasi', 'putri', 'tangguk', 'hati', 'si', 'bungsu', 'rengek', 'putri', 'tangguk', 'putus', 'tanak', 'nasi', 'putri', 'tangguk', 'kejut', 'dapat', 'beras', 'simpan', 'kaleng', 'hilang', 'pergi', 'beras', 'beras', 'jangan', 'orang', 'cur', 'putri', 'tangguk', 'putri', 'tangguk', 'bujuk', 'anak', 'bungsu', 'tidur', 'besok', 'rencana', 'tumbuk', 'padi', 'simpan', 'lumbung']",0
"['agi', 'hari', 'putri', 'tangguk', 'kejut', 'dengar', 'ria', 'suami', 'istrikuistrikucepat', 'kemari', 'teriak', 'suami', 'putri', 'tangguk', 'putri', 'tangguk', 'lari', 'temu', 'suami', 'hampir', 'suami', 'pintu', 'lumbung', 'suami', 'suami', 'putri', 'tangguk', 'cemas', 'istri', 'lumbung', 'kosong', 'buka', 'suami', 'putri', 'tangguk', 'putri', 'tangguk', 'suami', 'gegas', 'periksa', 'lumbung', 'betapa', 'kejut', 'dapat', 'tujuh', 'lumbung', 'kosong', 'putri', 'tangguk', 'menang', 'pada', 'malam', 'nasi', 'beras', 'hilang', 'padi', 'lumbung', 'hilang', 'jerit', 'putri', 'tangguk']",0
"['cemas', 'istri', 'milik', 'sawah', 'besok', 'sawah', 'padi', 'kuning', 'hibur', 'suami', 'putri', 'tangguk', 'esok', 'pagi', 'putri', 'tangguk', 'ikut', 'suami', 'sawah', 'cemas', 'sawah', 'tangis', 'putri', 'tangguk', 'keras', 'dapat', 'sawah', 'ubah', 'semak', 'belukar', 'putri', 'tangguk', 'menagis', 'hari', 'pulang', 'tunggu', 'sawah', 'tidur', 'mimpi', 'putri', 'tangguk', 'datang', 'gerombol', 'padi', 'bicara', 'hai', 'putri', 'tangguk', 'buah', 'sombong', 'ingat', 'engkau', 'buang', 'jalan', 'padi', 'kau', 'hina', 'kau', 'jadi', 'pasir', 'alas', 'jalan', 'panen', 'makan', 'buang', 'sembarang', 'buang', 'butuh', 'makan', 'padi', 'putri', 'tangguk', 'diam', 'sali', 'bodoh', 'mohon', 'maaf', 'padi']",0
"['maaf', 'sali', 'buat', 'putri', 'tangguk', 'menang', 'kau', 'keluarga', 'keras', 'sih', 'sawah', 'bajak', 'tanam', 'baru', 'panen', 'padi', 'putri', 'tangguk', 'sentak', 'bangun', 'tidur', 'putri', 'tangguk', 'pulang', 'cerita', 'mimpi', 'suami', 'esok', 'hari', 'keluarga', 'putri', 'tangguk', 'gotong', 'royong', 'bersih', 'sawah', 'tanam', 'padi', 'keluarga', 'rawat', 'sawah', 'jaga', 'padi', 'tunggu', 'sabar', 'padi', 'tanam', 'panen', 'putri', 'tangguk', 'janji', 'sia', 'butir', 'padi', 'hasil', 'panen', 'sawah']",0
"['sore', 'si', 'pitung', 'laku', 'anak', 'buah', 'babah', 'liem', 'wenang', 'babah', 'liem', 'tuan', 'tanah', 'daerah', 'tinggal', 'si', 'pitung', 'anak', 'buah', 'rampas', 'harta', 'rakyat', 'tarik', 'pajak', 'hasil', 'rampas', 'perintah', 'belanda']",0
"['si', 'pitung', 'tekad', 'lawan', 'anak', 'buah', 'babah', 'liem', 'guru', 'haji', 'naipin', 'ulama', 'pandai', 'ilmu', 'bela', 'si', 'pitung', 'cepat', 'kuasa', 'ilmu', 'ajar', 'haji', 'naipin', 'pitung', 'ilmu', 'beri', 'bela', 'orangorang', 'tindas', 'kau', 'ilmu', 'tindas', 'orang', 'pesan', 'haji', 'naipin']",0
"['si', 'pitung', 'lawan', 'anak', 'buah', 'babah', 'liem', 'henti', 'ulah', 'anak', 'buah', 'babah', 'liem', 'rampas', 'harta', 'rakyat', 'jelata', 'heh', 'anak', 'muda', 'kau', 'berani', 'henti', 'salah', 'anak', 'buah', 'babah', 'liem', 'henti', 'ulah', 'si', 'pitung', 'anak', 'buah', 'babah', 'liem', 'serang', 'si', 'pitung', 'si', 'pitung', 'kalah']",0
"['nama', 'si', 'pitung', 'kenal', 'kalang', 'duduk', 'si', 'pitung', 'putus', 'abdi', 'hidup', 'rakyat', 'jelata', 'tekad', 'ambil', 'hak', 'curi', 'tuan', 'tanah', 'kembali', 'rakyat', 'ajak', 'teman', 'gabung', 'dengan']",0
"['laku', 'si', 'pitung', 'suka', 'tuan', 'tanah', 'perintah', 'belanda', 'keluar', 'perintah', 'tangkap', 'si', 'pitung', 'si', 'pitung', 'cerdik', 'pindah', 'perintah', 'belanda', 'tuan', 'tanah', 'tangkap', 'kesal', 'perintah', 'belanda', 'licik']",0
"['tangkap', 'piun', 'ayah', 'si', 'pitung', 'haji', 'naipin', 'salah', 'jabat', 'perintah', 'belanda', 'nama', 'schout', 'heyne', 'umum', 'si', 'pitung', 'serah', 'piun', 'haji', 'naipin', 'hukum', 'si', 'pitung', 'dengar', 'berita', 'tangkap', 'ayah', 'guru', 'hadap', 'schout', 'heyne', 'serah', 'ayah', 'guru', 'derita', 'pitung', 'kau', 'resah', 'orang', 'laku', 'kau', 'hukum', 'tembak', 'schout', 'heyne', 'kau', 'keliru', 'kau', 'tuan', 'tanah', 'resah', 'orang', 'takut', 'ancam', 'si', 'pitung', 'schout', 'heyne', 'benar', 'laksana', 'ancam', 'si', 'pitung', 'hukum', 'tembak', 'hidup', 'si', 'pitung', 'ujung', 'peluru', 'kisah', 'pahlawan', 'kenang', 'si', 'pitung', 'si', 'pahlawan', 'rakyat', 'jelata']",0
"['roro', 'jonggrang', 'putri', 'raja', 'prambanan', 'raja', 'prambanan', 'ayah', 'roro', 'jonggrang', 'gugur', 'tarung', 'lawan', 'bandung', 'bondowoso', 'raja', 'pengging', 'akibat', 'bandung', 'bondowoso', 'kuasa', 'raja', 'prambanan', 'bandung', 'bondowoso', 'tamak', 'roro', 'jonggrang', 'permaisuri', 'roro', 'jonggrang', 'istri', 'bandung', 'bondowoso', 'aju', 'syarat']",0
"['sedia', 'permaisuri', 'bandung', 'bondowoso', 'syarat', 'kau', 'penuh', 'hasil', 'meni', 'dengan', 'kau', 'gagal', 'izin', 'pergi', 'roro', 'jonggrang', 'kau', 'penuh', 'roro', 'jonggrang', 'gagal', 'penuh', 'kembali', 'raja', 'kepada', 'sahut', 'bandung', 'bondowoso', 'angkuh', 'kau', 'bangun', 'ribu', 'candi', 'untuk', 'selesai', 'matahari', 'terbit', 'esok', 'sahut', 'roro', 'jonggrang']",0
"['baik', 'hasil', 'penuh', 'syarat', 'kau', 'bandung', 'bondowoso', 'angkuh', 'bandung', 'bondowoso', 'bantu', 'pasu', 'jin', 'bangun', 'ribu', 'candi', 'kejap', 'bangun', 'candi', 'roro', 'jonggrang', 'panik', 'adu', 'bi', 'sum', 'dayang', 'percaya', 'bi', 'sum', 'ide', 'gagal', 'kerja', 'bandung', 'bondowoso', 'perintah', 'dayang', 'tumbuk', 'lesung', 'bakar', 'jerami', 'suara', 'lesung', 'talu', 'semburat', 'api', 'merah', 'langit', 'suasana', 'pagi', 'ayam', 'jantan', 'kokok', 'sahut', 'dengar', 'kokok', 'ayam', 'jantan', 'pasu', 'jin', 'kejut', 'pagi', 'pergi', 'teriak', 'pasu', 'jin', 'gegas', 'tinggal', 'bandung', 'bondowoso', 'candi', 'bangun']",0
"['roro', 'jonggrang', 'bandung', 'bondowoso', 'roro', 'jonggrang', 'hitung', 'candi', 'selesai', 'candi', 'candi', 'roro', 'jonggrang', 'bandung', 'bondowoso', 'bandung', 'bondowoso', 'percaya', 'kata', 'roro', 'jonggrang', 'hitung', 'candi', 'candi', 'bandung', 'bondowoso', 'marah', 'kalah', 'roro', 'jonggrang', 'ribu', 'candi', 'kau']",0
"['nyata', 'candi', 'kau', 'bandung', 'bondowoso', 'kau', 'tepat', 'janji', 'sahut', 'roro', 'jonggrang', 'ubah', 'kau', 'candi', 'ribu', 'sakti', 'bandung', 'bondowoso', 'ubah', 'roro', 'jonggrang', 'patung', 'batu', 'patung', 'candi', 'ribu', 'candi', 'diri', 'tegak', 'wilayah', 'prambanan']",0
"['manik', 'angker', 'putra', 'sidhimantra', 'brahmana', 'manik', 'angker', 'ayah', 'tinggal', 'raja', 'daha', 'bal', 'pulau', 'bal', 'pisah', 'pulau', 'jawa', 'manik', 'angker', 'suka', 'hambur', 'harta', 'orang', 'tua', 'ulang', 'kali', 'sidhimantra', 'nasihat', 'anak', 'manik', 'angker', 'dengar', 'nasihat', 'ayah', 'harta', 'orang', 'tua', 'habis', 'berani', 'utang', 'orang', 'manik', 'kejar', 'tagih', 'utang', 'sidhimantra', 'tega', 'harta', 'habis', 'sidhimantra', 'anak', 'celaka']",0
"['sidhimantra', 'tunjuk', 'mimpi', 'tolong', 'naga', 'besukih', 'gunung', 'agung', 'naga', 'besukih', 'naga', 'hijau', 'ekor', 'penuh', 'emas', 'permata', 'sidhimantra', 'gegas', 'temu', 'naga', 'besukih', 'gunung', 'agung', 'sidhimantra', 'maksud', 'datang', 'naga', 'besukih', 'sidhimantra', 'harta', 'bayar', 'utangutang', 'manik', 'angker', 'naga', 'besukih', 'sedia', 'bagi', 'harta', 'naga', 'besukih', 'goyang', 'ekor', 'emas', 'permata', 'rontok']",0
"['sayang', 'harta', 'ayah', 'manik', 'angker', 'foya', 'manik', 'angker', 'habis', 'harta', 'cari', 'ayah', 'harta', 'memberitahunya', 'sidhimantra', 'oleh', 'harta', 'naga', 'besukih', 'manik', 'angker', 'temu', 'naga', 'besukih', 'gunung', 'agung', 'ayah', 'naga', 'besukih', 'sudi', 'kau', 'harta', 'bayar', 'utang', 'manik', 'angker', 'naga', 'besukih', 'ayah', 'sidhimantra', 'emas', 'permata', 'naga', 'besukih', 'kesal']",0
"['mohon', 'harta', 'naga', 'besukih', 'murah', 'hati', 'mohon', 'manik', 'angker', 'naga', 'besukih', 'baik', 'kabul', 'minta', 'kau', 'janji', 'foya', 'naga', 'besukih', 'naga', 'besukih', 'luluh', 'goyang', 'ekor', 'manik', 'angker', 'silau', 'emas', 'permata', 'tempel', 'ekor', 'naga', 'besukih']",0
"['potong', 'ekor', 'naga', 'besukih', 'pedang', 'naga', 'besukih', 'hasil', 'hindar', 'sembur', 'api', 'mulut', 'manik', 'angker', 'bakar', 'abu', 'sidhimantra', 'jadi', 'mohon', 'naga', 'besukih', 'hidup', 'manik', 'angker', 'naga', 'besukih', 'sudi', 'kau', 'hidup', 'anak', 'manik', 'angker', 'sempat', 'baik', 'mohon', 'sidhimantra', 'hidup', 'manik', 'angker', 'syarat', 'manik', 'angker', 'pulang', 'sama', 'tinggal', 'sama', 'murid', 'ajar', 'orang', 'beril', 'naga', 'besukih', 'hela', 'napas']",0
"['baik', 'naga', 'besukih', 'serah', 'anak', 'kepada', 'didik', 'anak', 'sidhimantra', 'manik', 'angker', 'hidup', 'sidhimantra', 'keluar', 'tongkat', 'garis', 'pisah', 'anak', 'garis', 'keluar', 'air', 'deras', 'pisah', 'gunung', 'agung', 'garis', 'kenal', 'selat', 'bal', 'pisah', 'pulau', 'jawa', 'pulau', 'bal']",0
"['ki', 'sapa', 'wira', 'siul', 'riang', 'mandi', 'gajah', 'milik', 'junjung', 'sultan', 'agung', 'raja', 'raja', 'mataram', 'hati', 'ki', 'sapa', 'wira', 'tuntun', 'gajah', 'nama', 'kyai', 'dwipangga', 'jalan', 'sungai', 'letak', 'keraton', 'mataram', 'mandi', 'gajah', 'asal', 'negeri', 'siam']",0
"['kau', 'bersih', 'rambut', 'kilap', 'ayo', 'kandang', 'ki', 'sapa', 'wira', 'kyai', 'dwipangga', 'ki', 'sapa', 'wira', 'laku', 'kyai', 'dwipangga', 'anak', 'heran', 'kyai', 'dwipangga', 'patuh']",0
"['ki', 'sapa', 'wira', 'laku', 'kyai', 'dwipangga', 'anak', 'heran', 'kyai', 'dwipangga', 'patuh', 'ki', 'sapa', 'wira', 'mandi', 'kyai', 'dwipangga', 'bisul', 'ketiak', 'ngilu', 'badan', 'demam', 'bisul', 'tolong', 'adik', 'ipar', 'ki', 'kerti', 'jok', 'ganti', 'mandi', 'kyai', 'dwipangga', 'kerti', 'tolong', 'ya', 'benar', 'ki', 'sapa', 'wira', 'tenang', 'kang', 'bantu', 'tolong', 'beritahu', 'gajah', 'pada', 'takut', 'marah', 'serang', 'ki', 'kerti', 'jok']",0
"['gelisah', 'pantat', 'tepuk', 'tarik', 'ekor', 'tenang', 'rendam', 'sungai', 'kau', 'tinggal', 'mandi', 'ki', 'sapa', 'wira', 'ki', 'kerti', 'jok', 'angguk', 'tanda', 'erti', 'berangkat', 'sungai', 'mandi', 'kyai', 'dwipangga', 'jalan', 'ki', 'kerti', 'jok', 'ajak', 'kyai', 'dwipangga', 'obrol', 'bawa', 'buah', 'bekal', 'jalan', 'gajah', 'gendut', 'kau', 'makan', 'kelapa', 'lempar', 'butir', 'kelapa', 'kyai', 'dwipangga', 'kyai', 'dwipangga', 'tangkap', 'kelapa', 'belalai', 'mudah', 'pecah', 'kelapa', 'makan', 'kau', 'kenyang', 'ayo', 'jalan', 'ki', 'kerti', 'jok', 'pukul', 'pantat', 'kyai', 'dwipangga']",0
"['sampa', 'sungai', 'ki', 'kerti', 'jok', 'laksana', 'tugas', 'mudah', 'gosok', 'tubuh', 'kyai', 'dwipangga', 'bersih', 'kilap', 'pulang', 'keraton', 'mataram', 'kang', 'laksana', 'tugas', 'besok', 'kakang', 'bantu', 'ki', 'kerti', 'jok', 'ki', 'sapa', 'wira', 'kau', 'berat', 'mau', 'kau', 'mandi', 'demam', 'gajah', 'mandi', 'ki', 'sapa', 'wira', 'kang', 'berat', 'gajah', 'turut', 'sulit', 'mandi', 'ki', 'kerti', 'jok', 'terima', 'kasih', 'kerti', 'lusa', 'sembuh', 'kau', 'bebas', 'tugas', 'ki', 'sapa', 'wira']",0
"['esok', 'hari', 'ki', 'kerti', 'jok', 'jemput', 'kyai', 'dwipangga', 'pagi', 'hujan', 'turun', 'rintik', 'tambah', 'deras', 'sungai', 'ki', 'kerti', 'jok', 'bimbang', 'lihat', 'air', 'sungai', 'surut', 'air', 'dangkal', 'gajah', 'rendam', 'gajah', 'pikir', 'hati', 'gajah', 'gendut', 'cari', 'sungai', 'sungai', 'dangkal', 'kau', 'rendam']",0
"['ki', 'kerti', 'jok', 'tuntun', 'kyai', 'dwipangga', 'hilir', 'sungai', 'situ', 'air', 'alir', 'deras', 'asyik', 'ayo', 'masuk', 'rendam', 'gosok', 'punggung', 'daun', 'kelapa', 'ki', 'kerti', 'jok', 'pukul', 'pantat', 'kyai', 'dwipangga', 'mandi', 'kyai', 'dwipangga', 'ki', 'kerti', 'jok', 'pikir', 'hati', 'beritahu', 'kakang', 'mandi', 'gajah', 'air', 'arus', 'deras', 'aneh', 'kanjeng', 'sultan', 'agung', 'ada', 'sungai', 'ya']",0
"['sibuk', 'bicara', 'arah', 'hulu', 'datang', 'banjir', 'bandang', 'banjir', 'cepat', 'ki', 'kerti', 'jok', 'kyai', 'dwipangga', 'sadar', 'kejap', 'hempas', 'bawa', 'arus', 'tolong', 'tolonggg', 'teriak', 'ki', 'kerti', 'jok', 'dengar', 'sungguh', 'sedih', 'nasib', 'ki', 'kerti', 'jok', 'kyai', 'dwipangga', 'seret', 'arus', 'hanyut', 'laut', 'selatan']",0
"['sungguh', 'sayang', 'binasa', 'ganas', 'banjir', 'bandang', 'ki', 'kerti', 'jok', 'sultan', 'agung', 'larang', 'abdi', 'mandi', 'gajah', 'hilir', 'sungai', 'bahaya', 'waktu', 'ki', 'sapa', 'wira', 'duka', 'sedih', 'hilang', 'adik', 'ipar', 'gajah', 'sayang', 'kenang', 'jadi', 'sultan', 'agung', 'nama', 'sungai', 'kali', 'gajah', 'kali', 'sungai', 'gajah', 'gajah', 'orang', 'kali', 'gajah', 'letak', 'belah', 'timur', 'kota', 'yogyakarta']",0
"['panglima', 'wire', 'panglima', 'perang', 'desa', 'kramuderu', 'gagah', 'berani', 'panglima', 'wire', 'putra', 'nama', 'caadara', 'caadara', 'milik', 'bakat', 'ilmu', 'bela', 'tangkas', 'panglima', 'wire', 'latih', 'caadara', 'harap', 'caadara', 'ganti', 'kelak', 'caadara', 'tumbuh', 'pemuda', 'tangkas', 'ilmu', 'bela', 'buru', 'panglima', 'wire', 'uji', 'mampu', 'anak', 'caadara', 'panglima', 'perang', 'ganti', 'panglima', 'wire']",0
"['panglima', 'wire', 'utus', 'caadara', 'pergi', 'buru', 'caadara', 'bawa', 'binatang', 'hasil', 'buru', 'tanda', 'caadara', 'kuasa', 'ilmu', 'ajar', 'panglima', 'wire', 'caadara', 'patuh', 'perintah', 'panglima', 'wire', 'berangkat', 'hutan', 'teman', 'jalan', 'lewat', 'hutan', 'lebat', 'bukit', 'terjal']",0
"['tempuh', 'jalan', 'berat', 'caadara', 'teman', 'hasil', 'oleh', 'binatangbinatang', 'buru', 'lanjut', 'jalan', 'pulang', 'jalan', 'pulang', 'caadara', 'teman', 'temu', 'anjing', 'buru', 'anjing', 'buru', 'tanda', 'kelompok', 'orang', 'asing', 'celaka', 'caadara', 'teman', 'susun', 'rencana', 'sembunyi', 'senjata']",0
"['selang', 'dengar', 'pekik', 'tanda', 'musuh', 'pekik', 'asal', 'suku', 'kuala', 'ajak', 'perang', 'caadara', 'perintah', 'teman', 'pergi', 'bukit', 'bentuk', 'benteng', 'tahan', 'peperangan', 'elak', 'caadara', 'teman', 'perang', 'suku', 'kuala', 'pekik', 'keri', 'suara', 'senjata', 'adu', 'henti', 'dengar', 'caadara', 'gentar', 'hasil', 'kalah', 'pasu', 'suku', 'kuala', 'berkat', 'tunjuk', 'caadara', 'teman', 'hasil', 'kalah', 'musuh']",0
"['hebat', 'caadara', 'panglima', 'perang', 'teman', 'caadara', 'usul', 'panglima', 'wire', 'angkat', 'panglima', 'perang', 'sahut', 'teman', 'caadara', 'jujur', 'incar', 'jabat', 'teman', 'baik', 'desa', 'caadara', 'rendah', 'hati', 'caadara', 'teman', 'desa', 'kramuderu', 'selamat']",0
"['cerita', 'hasil', 'kalah', 'suku', 'kuala', 'dengar', 'panglima', 'wire', 'panglima', 'wire', 'bangga', 'caadara', 'caadara', 'susun', 'siasat', 'perang', 'jaga', 'suku', 'kuala', 'serang', 'caadara', 'susun', 'siasat', 'perang', 'siasat', 'perang', 'nama', 'caadara', 'ura', 'siasat', 'perang', 'caadara', 'ura', 'liput', 'lempar', 'senjata', 'serbu', 'lawan', 'tahan', 'seni', 'bela', 'jarak', 'caadara', 'ganti', 'ayah', 'panglima', 'perang', 'desa', 'kramuderu']",0
"['daerah', 'papua', 'tinggal', 'anak', 'laki', 'nama', 'kweiya', 'kweiya', 'tinggal', 'adik', 'tiri', 'adik', 'tiri', 'kweiya', 'suka', 'kweiya', 'jebak', 'kweiya', 'sesat', 'hutan', 'kweiya', 'sesat', 'hutan', 'coba', 'tahan', 'hidup', 'bangun', 'rumah', 'kayu', 'sederhana', 'buru', 'kulit', 'binatang', 'hasil', 'buru', 'pintal', 'benang', 'kweiya', 'rencana', 'sayap', 'benang', 'pintal']",0
"['kweiya', 'pergi', 'ibu', 'sedih', 'adik', 'kweiya', 'bohong', 'kweiya', 'pergi', 'tinggal', 'kweiya', 'percaya', 'kweiya', 'usaha', 'cari', 'benar', 'adik', 'bungsu', 'kweiya', 'jujur', 'memberitahu', 'benar', 'bu', 'kak', 'kweiya', 'tinggal', 'jebak', 'kakak', 'sesat', 'hutan', 'adik', 'bungsu', 'kweiya', 'kau', 'anak', 'cari', 'kweiya', 'sahut', 'kweiya', 'kweiya', 'pergi', 'hutan']",0
"['jalan', 'kenal', 'lelah', 'sambut', 'panggil', 'kweiya', 'kuat', 'tenaga', 'sahut', 'kweiya', 'ekor', 'burung', 'muncul', 'pohon', 'eee', 'eee', 'eee', 'suara', 'burung', 'muncul', 'hadap', 'kweiya', 'kweiya', 'kejut', 'burung', 'kweiya', 'selip', 'pintal', 'benang', 'lengan', 'kweiya', 'ubah', 'wujud', 'ekor', 'burung', 'indah', 'kweiya', 'ikut', 'kweiya', 'ambil', 'jumput', 'pintal', 'benang', 'kweiya', 'selip', 'pintal', 'benang', 'lengan', 'kweiya']",0
"['kejap', 'kweiya', 'ubah', 'ekor', 'burung', 'terbang', 'kweiya', 'adik', 'tiri', 'kweiya', 'saksi', 'ibu', 'kweiya', 'ubah', 'burung', 'sali', 'buat', 'jahat', 'sesal', 'lambat', 'kweiya', 'ibu', 'ubah', 'burung', 'kenal', 'burung', 'cenderawasih']",0
"['siti', 'lani', 'main', 'sepeda', 'taman', 'tinggal', 'siti', 'lani', 'syukur', 'tinggal', 'taman', 'bangga', 'lingkung', 'taman', 'taman', 'bersih', 'bebas', 'sampah', 'main', 'sepeda', 'siti', 'bonceng', 'lani', 'ban', 'sepeda', 'siti', 'bocor', 'lani', 'turun', 'bonceng', 'sepeda', 'bawa', 'sepeda', 'bengkel', 'siti', 'tuntun', 'sepeda', 'lani', 'dorong', 'sepeda', 'sepeda', 'gerak', 'maju', 'contoh', 'hubung', 'gaya', 'gerak', 'benda', 'contoh', 'hubung', 'gaya', 'benda']",0
"['siti', 'lani', 'cari', 'bengkel', 'sepeda', 'tambal', 'ban', 'sepeda', 'siti', 'lapar', 'dengar', 'suara', 'ting', 'ting', 'ting', 'seberang', 'jalan', 'jual', 'bakso', 'dorong', 'jual', 'bakso', 'dorong', 'gerobak', 'henti', 'bunyi', 'mangkok', 'tanda', 'bakso', 'siti', 'lani', 'sepakat', 'makan', 'bakso', 'panggil', 'jual', 'bakson']",0
"['selesai', 'layan', 'pesan', 'bakso', 'siti', 'lani', 'tukang', 'bakso', 'lanjut', 'jalan', 'siti', 'lani', 'perhati', 'gerobak', 'gerak', 'maju', 'dorong', 'tukang', 'bakso', 'sepeda', 'sepeda', 'gerak', 'maju', 'tuntun', 'dorong', 'kayuh', 'dorong', 'kayuh', 'gaya', 'sebab', 'gerobak', 'sepeda', 'gerak', 'tahu', 'gaya', 'gerak']",0
"['siti', 'lani', 'bengkel', 'sepeda', 'tunggu', 'kerja', 'bengkel', 'tambal', 'ban', 'sepeda', 'siti', 'lani', 'cerita', 'siti', 'asyik', 'cerita', 'tibatiba', 'lani', 'teriak', 'angsa', 'terbang', 'cantik', 'ya', 'lani', 'siti', 'baca', 'cerita', 'fiksi', 'angsa', 'telur', 'mas']",0
"['alkisah', 'tani', 'sederhana', 'milik', 'ekor', 'angsa', 'angsa', 'milik', 'tani', 'angsa', 'angsa', 'cantik', 'istimewa', 'istimewa', 'angsa', 'milik', 'tani', 'hasil', 'telur', 'emas', 'tani', 'senang', 'milik', 'angsa', 'istimewa', 'pagi', 'tani', 'ambil', 'telur', 'emas', 'kandang', 'tani', 'bawa', 'telur', 'emas', 'angsa', 'milik', 'pasar', 'tani', 'jual', 'telur', 'emas', 'harga', 'singkat', 'tani', 'ubah', 'kaya']",0
"['kaya', 'tani', 'syukur', 'rendah', 'hati', 'kaya', 'tani', 'serakah', 'tani', 'angsa', 'hasil', 'telur', 'emas', 'singkat', 'tani', 'sabar', 'cepat', 'orang', 'kaya', 'raya', 'ketidaksabaran', 'tani', 'angsa', 'milik', 'muncul', 'angsa', 'telur', 'tani', 'cepat', 'kaya']",0
"['pulang', 'pasar', 'tani', 'hitung', 'uang', 'hitung', 'uang', 'gagas', 'muncul', 'kepala', 'tani', 'tani', 'pikir', 'telur', 'emas', 'angsa', 'potong', 'angsa', 'gagas', 'tani', 'laksana', 'betapa', 'kaget', 'sedih', 'tani', 'temu', 'telur', 'perut', 'angsa', 'angsa', 'istimewa', 'lanjur', 'mati', 'potong', 'sesal', 'tani', 'rasa', 'tani', 'kaya', 'raya', 'angan']",0
"['kisah', 'cerita', 'pasang', 'suami', 'istri', 'tua', 'hidup', 'sederhana', 'kakek', 'nenek', 'tinggal', 'gubuk', 'reot', 'tepi', 'pantai', 'penuh', 'butuh', 'hidup', 'hari', 'kakek', 'nelayan', 'nenek', 'rumah', 'kerja', 'rumah']",0
"['hari', 'pagi', 'kakek', 'pergi', 'laut', 'cari', 'ikan', 'kakek', 'cari', 'ikan', 'jala', 'hari', 'kakek', 'jala', 'kakek', 'ikan', 'jala', 'kakek', 'gerak', 'kencang', 'kakek', 'angkat', 'jala', 'kakek', 'ekor', 'ikan', 'mas']",0
"['alangkah', 'kejut', 'kakek', 'pegang', 'ikan', 'mas', 'dengar', 'suara', 'layak', 'manusia', 'suara', 'asal', 'mulut', 'ikan', 'mas', 'ikan', 'mas', 'hasil', 'tangkap', 'kakek', 'bicara', 'ikan', 'mas', 'tolong', 'kakek', 'lepas', 'laut', 'imbal', 'ikan', 'mas', 'penuh', 'minta', 'kakek', 'akibat', 'kaget', 'pikir', 'kakek', 'langsung', 'lepas', 'ikan', 'mas', 'laut', 'aju', 'minta']",0
"['kakek', 'pulang', 'tangan', 'hampa', 'hari', 'kakek', 'ikan', 'pelak', 'nenek', 'tunggu', 'rumah', 'marah', 'nenek', 'bingung', 'makan', 'tenang', 'hati', 'istri', 'kakek', 'cerita', 'temu', 'ikan', 'mas', 'ajaib', 'bicara', 'layak', 'manusia', 'janji', 'penuh', 'minta', 'dengar', 'cerita', 'kakek', 'nenek', 'marah', 'kakek', 'ikan', 'mas']",0
"['hidup', 'serba', 'kurang', 'bak', 'cuci', 'lapuk', 'tinggal', 'gubuk', 'reot', 'nenek', 'suruh', 'kakek', 'laut', 'aju', 'minta', 'ikan', 'mas', 'nenek', 'bak', 'cuci', 'kakek', 'laut', 'bak', 'cuci', 'ikan', 'mas', 'sungguh', 'ajaib', 'kejap', 'bak', 'cuci', 'rumah', 'ajaib', 'nenek', 'syukur', 'nenek', 'serakah']",0
"['nenek', 'suruh', 'kakek', 'laut', 'ubah', 'gubuk', 'reot', 'rumah', 'kayu', 'lapuk', 'kakek', 'turut', 'nenek', 'kembali', 'kakek', 'laut', 'temu', 'ikan', 'mas', 'istri', 'lagi', 'ajaib', 'pulang', 'laut', 'rumah', 'kakek', 'ubah', 'rumah', 'kayu', 'lapuk']",0
"['sang', 'nenek', 'puas', 'rumah', 'baru', 'minta', 'nenek', 'aju', 'istana', 'kuasa', 'provinsi', 'gubernur', 'ratu', 'kakek', 'ikan', 'mas', 'kabul', 'dasar', 'manusia', 'serakah', 'nenek', 'suruh', 'kakek', 'ikan', 'mas', 'nenek', 'dewi', 'laut', 'ikan', 'mas', 'layan', 'dengar', 'minta', 'ikan', 'mas', 'langsung', 'renang', 'laut', 'kakek', 'pulang', 'rumah', 'istana', 'layan', 'istri', 'kakek', 'gubuk', 'reot', 'kayu', 'lapuk', 'nenek', 'duduk', 'lamun', 'pandang', 'bak', 'cuci', 'lapuk', 'sedia', 'sesal', 'serakah', 'nenek', 'tiada']",0
"['alkisah', 'hidup', 'pasang', 'suami', 'istri', 'sederhana', 'rindu', 'anak', 'tuhan', 'takdir', 'milik', 'anak', 'ekonomi', 'tani', 'sederhana', 'layak', 'miskin', 'semangat', 'ya', 'tuhan', 'turun', 'rezeki', 'langit', 'hidup', 'layak', 'pinta', 'tani', 'nada', 'harap']",0
"['doa', 'rumah', 'gegas', 'ladang', 'ladang', 'orang', 'sepenuh', 'hati', 'tahan', 'hidup', 'sang', 'istri', 'kadang', 'sawah', 'bantu', 'kadang', 'rumah', 'benda', 'jatuh', 'langit', 'tani', 'kaget', 'benda', 'jatuh', 'sawah', 'posisi', 'cangkul', 'penasaran', 'keliling', 'buat', 'orang']",0
"['benda', 'ya', 'aneh', 'angin', 'hujan', 'benda', 'jatuh', 'periksa', 'benda', 'jatuh', 'padi', 'sawah', 'benda', 'kendi', 'kendi', 'pecah', 'jatuh', 'lumpur', 'sawah', 'tani', 'usaha', 'periksa', 'isi', 'kendi', 'ya', 'tuhan', 'dalam', 'logam', 'emas', 'pekik', 'tani', 'kaget', 'kepalang', 'intip', 'lubang', 'kendi', 'keping', 'logam', 'emas', 'murni', 'hati', 'nurani', 'tempur', 'ambil', 'biar', 'ladang', 'majikan', 'apa', 'ladang', 'milik', 'curi', 'hak', 'tani', 'pegang', 'kendi', 'tanah', 'liat', 'isi', 'emas', 'koin', 'murni', 'tani', 'hati', 'ambil', 'kendi', 'isi', 'koin', 'emas', 'tani', 'biar', 'kendi', 'posisi', 'pojok', 'sawah', 'lanjut', 'pekerja-', 'annya', 'cocok', 'tanam', 'sawah']",0
"['rumah', 'tani', 'cerita', 'alam', 'aneh', 'sawah', 'istriya', 'kejut', 'marah', 'nilai', 'suami', 'manusia', 'bodoh', 'dunia', 'ambil', 'kendi', 'isi', 'koin', 'emas', 'bu', 'hak', 'orang', 'apa', 'alas', 'ambil', 'milik', 'nasihat', 'suami', 'jujur', 'taat', 'ajar', 'agama', 'diam', 'dengar', 'cakap', 'tani', 'dinding', 'rumah', 'sang', 'tarik', 'ambil', 'kendi', 'sawah', 'malam', 'ajak', 'suami', 'sawah', 'tani']",0
"['ayo', 'cari', 'kendi', 'isi', 'koin', 'emas', 'ladang', 'mumpung', 'orang', 'langsung', 'kaya', 'iya', 'ya', 'ayo', 'ayo', 'mumpung', 'purnama', 'gelap', 'sawah', 'bawa', 'senter', 'nafsu', 'ambil', 'kendi', 'jalan', 'pasang', 'suami', 'istri', 'kenal', 'rakus', 'tertawa', 'khayal', 'kelak', 'temu', 'kendi', 'isi', 'tumpu', 'koin', 'emas', 'beli', 'sawah', 'rumah', 'uang', 'nafsu', 'duniawi', 'kuasa']",0
"['mana', 'bu', 'kendi', 'sawah', 'luas', 'telusur', 'malam', 'dengar', 'pohon', 'beringin', 'pas', 'pokok', 'sawah', 'kubur', 'istri', 'takut', 'tenang', 'bu', 'ayo', 'ambil', 'pohon', 'beringin', 'dekat', 'sawah', 'cari', 'tani', 'hati', 'iri', 'serakah', 'temu', 'bu', 'kendi', 'ayo', 'bu', 'pergi', 'buka', 'rumah', 'saran', 'sang', 'istri', 'sorak', 'girang', 'sampai', 'rumah', 'larut', 'sabar', 'bakar', 'penasaran', 'tani', 'serakah', 'balik', 'kendi', 'kendi', 'haaaa', 'isi', 'ular', 'bisa', 'koin', 'emas', 'bu']",0
"['kecewa', 'marah', 'capai', 'sawah', 'cari', 'temu', 'kendi', 'isi', 'ular', 'bisa', 'tipu', 'ayo', 'tutup', 'kendi', 'taruh', 'pintu', 'besok', 'buka', 'usul', 'sang', 'istri', 'marah', 'da', 'bakar', 'balas', 'dendam']",0
"['singkat', 'cerita', 'suami', 'istri', 'dengki', 'taruh', 'kendi', 'pintu', 'harap', 'patuk', 'ular', 'bisa', 'pergi', 'asa', 'penuh', 'dengki', 'pagi', 'hari', 'tani', 'berhanti', 'bersih', 'kaget', 'temu', 'kendi', 'pintu', 'rumah', 'rumah', 'berani', 'ambil', 'periksa', 'temu', 'kendi', 'kemarin', 'cerita', 'pintu', 'rumah', 'ayo', 'periksa', 'aneh', 'ya', 'kendi', 'sawah', 'rumah', 'jangan', 'malaikat', 'antar', 'alangkah', 'kaget', 'pasang', 'suami', 'istri', 'hati', 'indah', 'pasang', 'suami', 'istri', 'hidup', 'layak', 'cukup', 'hati']",0
"['devina', 'milik', 'rumah', 'pohon', 'rumah', 'pohon', 'letak', 'batang', 'pohon', 'jambu', 'taman', 'rumah', 'rumah', 'pohon', 'lumayan', 'luas', 'rumah', 'pohon', 'lemari', 'bukubuku', 'cerita', 'buah', 'bantal', 'buah', 'tikar', 'selimut', 'buah', 'foto', 'keluarga', 'kotak', 'lengkap', 'murung', 'devina', 'pilih', 'diam', 'rumah', 'pohon', 'sore', 'kadang', 'inap', 'rumah', 'pohon', 'teman', 'ada', 'pesta']",0
"['siang', 'devina', 'ajak', 'ira', 'ovi', 'tata', 'murid', 'kelas', 'jenny', 'ada', 'pesta', 'rumah', 'pohon', 'terima', 'aja', 'senang', 'hati', 'besok', 'sekolah', 'libur', 'guru', 'rapat', 'sore', 'teman', 'devina', 'ada', 'pesta', 'jambu', 'malam', 'ganti', 'pagi', 'teman', 'devina', 'pulang', 'rumah', 'pulang', 'bincang', 'milik', 'rumah', 'pohon', 'jenny', 'ya', 'taman', 'isi', 'pohon']",0
"['pohon', 'sedia', 'rumah', 'pohon', 'unjung', 'ya', 'wisata', 'usul', 'ira', 'laku', 'butuh', 'orang', 'dewasa', 'orang', 'tua', 'bicara', 'mama', 'papa', 'balas', 'devina', 'janji', 'devina', 'utara', 'usul', 'ira', 'orang', 'tua', 'orang', 'tua', 'tuju', 'beli', 'tanah', 'pohontak', 'orang', 'tua', 'devina', 'beli', 'alat', 'rumah', 'pohon', 'bibit', 'pohon', 'orang', 'tua', 'devina', 'bantu', 'keluar', 'uang', 'urus', 'tata', 'bangun', 'rumah', 'pohon', 'kelola', 'devina', 'teman']",0
"['taman', 'rumah', 'pohon', 'resmi', 'buka', 'tanah', 'besar', 'barang', 'barang', 'orang', 'tua', 'devina', 'orang', 'tua', 'teman', 'devina', 'taman', 'rumah', 'pohon', 'mungut', 'biaya', 'apa', 'taman', 'rumah', 'pohon', 'resmi', 'orang', 'taman', 'rumah', 'pohon', 'karya', 'devina', 'teman', 'harap', 'taman', 'rumah', 'pohon', 'kenal', 'unjung', 'devina']",0
"['libur', 'naik', 'kelas', 'buyung', 'libur', 'rumah', 'paman', 'abua', 'paman', 'abua', 'tinggal', 'masohi', 'malu', 'masohi', 'kota', 'pulau', 'seram', 'duduk', 'asli', 'kota', 'masohi', 'suku', 'bangsa', 'alifuru', 'datang', 'tinggal', 'kota', 'masohi', 'bibi', 'siti', 'istri', 'paman', 'abua', 'paman', 'abua', 'milik', 'anak', 'laki', 'nama', 'pelupessy', 'pelupessy', 'umur', 'buyung', 'buyung', 'betah', 'tinggal', 'rumah', 'buyung', 'milik', 'teman', 'pantar', 'ajak', 'main']",0
"['pagi', 'buyung', 'ajak', 'pelupessy', 'pantai', 'letak', 'pantai', 'kilometer', 'rumah', 'paman', 'sepeda', 'pantai', 'hirup', 'udara', 'segar', 'buyung', 'senang', 'nikmat', 'indah', 'alam', 'pelupessy', 'udara', 'pagi', 'segar', 'yung', 'pelupessy', 'emmmm', 'segar', 'pelu', 'teriak', 'buyung', 'kayuh', 'sepeda', 'pinggir', 'pantai', 'ayo', 'ujung', 'pelu', 'buyung', 'pelupessy', 'pelupessy', 'susul', 'buyung', 'dua', 'lomba', 'kayuh', 'sepeda', 'ujung', 'pantai', 'buyung', 'henti', 'sepeda', 'gesek', 'karet', 'rem', 'sepeda', 'pelek', 'sepeda']",0
"['pelu', 'lihat', 'bawa', 'orang', 'buyung', 'pelupessy', 'pelupessy', 'perhati', 'orang', 'buyung', 'terumbu', 'karang', 'pelupessy', 'kejut', 'ambil', 'terumbu', 'karang', 'pelu', 'buat', 'ancam', 'habitat', 'laut', 'buyung', 'iya', 'buat', 'ancam', 'lestari', 'alam', 'laut', 'orang', 'penting', 'senang', 'pelu', 'buyung', 'wajah', 'sedih', 'sedih', 'pulang', 'bibi', 'siti', 'bingung', 'cari', 'ajak', 'buyung', 'pelupessy', 'buyung', 'kayuh', 'sepeda']",0
"['jalan', 'pulang', 'buyung', 'perhati', 'lingkung', 'alam', 'masohi', 'daerah', 'masohi', 'daerah', 'pantai', 'landai', 'daerah', 'lahan', 'masyarakat', 'cari', 'ikan', 'amat', 'buyung', 'duduk', 'masohi', 'nelayan', 'tangkap', 'ikan', 'pulau', 'seram', 'masyarakat', 'kerja', 'jaring', 'angkut', 'alat', 'tangkap', 'ikan', 'perahu', 'kapal', 'motor', 'angkut', 'ikan', 'perahu', 'kapal', 'motor', 'kategori', 'nelayan']",0
"['tangkap', 'ikan', 'masyarakat', 'masohi', 'budi', 'daya', 'mutiara', 'rumput', 'laut', 'musim', 'panen', 'selam', 'ambil', 'mutiara', 'rumput', 'laut', 'hal', 'duduk', 'masohi', 'paman', 'abua', 'laut', 'paman', 'laut', 'ulung', 'paman', 'abau', 'alat', 'rompong', 'fish', 'aggregation', 'device', 'sarana', 'kumpul', 'ikan', 'ikan', 'kumpul', 'rompong', 'tangkap', 'jaring', 'jenis', 'purse', 'sein', 'cari', 'ikan', 'paman', 'abua', 'milik', 'usaha', 'budi', 'daya', 'rumput', 'laut', 'bibi', 'siti', 'bantu', 'usaha', 'paman', 'abua', 'rawat', 'rumput', 'laut', 'usaha', 'tekun', 'paman', 'abua', 'cukup', 'butuh', 'keluarga']",0
"['rumah', 'buyung', 'bibi', 'siti', 'mem', 'rumput', 'laut', 'bibi', 'pisah', 'rumput', 'laut', 'bagus', 'letak', 'karung', 'bekas', 'buyung', 'capai', 'bibi', 'siti', 'senyum', 'bi', 'buyung', 'capai', 'buyung', 'sepeda', 'pelupessy', 'tepi', 'pantai', 'buyung', 'ayo', 'bantu', 'bibi', 'jemur', 'rumput', 'laut', 'bibi', 'siti', 'pilih', 'rumput', 'laut', 'rusak', 'iya', 'bi', 'ayo', 'pelu', 'jemur', 'rumput', 'laut', 'buyung', 'pelu', 'masuk', 'sepeda']",0
"['teriak', 'pelupessy', 'angkat', 'rumput', 'laut', 'letak', 'para', 'buyung', 'pelupessy', 'angkat', 'rumput', 'laut', 'kuat', 'otot', 'tangan', 'rumput', 'laut', 'jemur', 'kering', 'kering', 'rumput', 'laut', 'laku', 'jual', 'pelu', 'udara', 'daerah', 'panas', 'ya', 'buyung', 'iya', 'buyung', 'daerah', 'pantai', 'suhu', 'udara', 'panas', 'masyarakat', 'daerah', 'kena', 'pakai', 'buka', 'kaus', 'celana', 'pendek', 'suhu', 'udara', 'daerah', 'beda', 'suhu', 'udara', 'datar', 'masyarakat', 'datar', 'pakai', 'tutup', 'suhu', 'udara', 'gunung', 'dingin', 'pelupessy', 'jelas', 'buyung']",0
"['iya', 'iya', 'paham', 'jelas', 'profesor', 'pelupessy', 'buyung', 'tertawa', 'pelupessy', 'lempar', 'ranting', 'rumput', 'laut', 'arah', 'buyung', 'cepat', 'kilat', 'buyung', 'hindar', 'serang', 'pelupessy', 'ayo', 'selesai', 'kerja', 'bersih', 'sarap', 'bibi', 'siti', 'iya', 'bi', 'buyung', 'sarap', 'saji', 'ruang', 'buyung', 'pelupessy', 'bibi', 'siti', 'makan']",0
"['paman', 'abua', 'pulang', 'bersih', 'paman', 'abua', 'gabung', 'sarap', 'makan', 'duduk', 'rumah', 'tunggu', 'jemur', 'rumput', 'laut', 'paman', 'abua', 'cerita', 'giat', 'laut', 'malam', 'dengar', 'cerita', 'paman', 'buyung', 'pelupessy', 'bibi', 'tanggap', 'cerita', 'paman', 'abua', 'buyung', 'bangga', 'gigih', 'berani', 'paman', 'abua', 'laut', 'buyung', 'senang', 'sederhana', 'keluarga', 'paman', 'abua', 'wajar', 'libur', 'buyung', 'masohi', 'kota', 'pulau', 'seram']",0
"['ting', 'ting', 'ting', 'ting', 'bakso', 'bakso', 'teriak', 'si', 'jual', 'bakso', 'jual', 'bakso', 'dorong', 'gerobak', 'gerobak', 'gerak', 'gaya', 'dorong', 'dorong', 'gerobak', 'jual', 'bakso', 'kuat', 'otot', 'tangan', 'kaki', 'ting', 'ting', 'ting', 'ting', 'ting', 'bakso', 'bakso', 'teriak', 'si', 'jual', 'bakso', 'toleh', 'kanan', 'kiri', 'cari', 'calon', 'bal', 'jual', 'bakso', 'nama', 'harno', 'asli', 'wonogiri']",0
"['harno', 'rantau', 'ibukota', 'jakarta', 'bas', 'harno', 'hafal', 'gang', 'sempit', 'lalu', 'jual', 'bakso', 'harno', 'sosok', 'jual', 'bakso', 'ulet', 'tahan', 'banting', 'bukti', 'beli', 'rumah', 'pinggir', 'kota', 'jakarta', 'ajak', 'keluarga', 'kecil', 'hidup', 'kota', 'jakarta', 'tinggal', 'kota', 'beda', 'tinggal', 'desa', 'harno', 'istri', 'giat', 'cukup', 'butuh', 'hidup', 'sekolah', 'anak', 'wayang', 'simpang', 'jalan', 'harno', 'lambai', 'tangan', 'arah', 'gegas', 'dorong', 'gerobak', 'cepat']",0
"['mangkuk', 'bang', 'anak', 'muda', 'ya', 'mas', 'tunggu', 'sebentar', 'ya', 'harno', 'henti', 'gerobak', 'harno', 'semangkuk', 'bakso', 'pesan', 'anak', 'muda', 'tutup', 'panci', 'buka', 'uap', 'kuah', 'bakso', 'kepul', 'aroma', 'bakso', 'unggah', 'selera', 'si', 'beli', 'harno', 'tuang', 'sendok', 'kuah', 'mangkuk', 'mas', 'bakso', 'sila', 'lengkap', 'kecap', 'sambal', 'saus', 'harno', 'ramah', 'iya', 'bang', 'terima', 'kasih', 'anak', 'muda', 'tuang', 'kecap', 'saus', 'sambal', 'mangkuk']",0
"['mengadukaduk', 'isi', 'mangkuk', 'anak', 'muda', 'santap', 'bakso', 'lahap', 'bang', 'uang', 'anak', 'muda', 'serah', 'uang', 'puluh', 'ribu', 'sebentar', 'mas', 'uang', 'kembali', 'harno', 'gegas', 'cari', 'uang', 'kembali', 'anak', 'muda', 'bang', 'bengkel', 'dekat', 'daerah', 'ya', 'anak', 'muda', 'harno', 'kilometer', 'mas', 'harno', 'harno', 'letak', 'bengkel', 'anak', 'muda', 'anak', 'muda', 'angguk', 'kepala', 'tanda', 'paham', 'jelas', 'harno']",0
"['mobil', 'milik', 'mas', 'mogok', 'harno', 'iya', 'bang', 'jam', 'coba', 'baik', 'nyala', 'mesin', 'lapar', 'panggil', 'abang', 'anak', 'muda', 'coba', 'dorong', 'mas', 'nyala', 'mesin', 'nyala', 'mas', 'bawa', 'mobil', 'bengkel', 'dekat', 'usul', 'harno', 'abang', 'dorong', 'mobil', 'si', 'anak', 'muda', 'heran', 'ya', 'tho', 'mas', 'salah', 'bantu', 'jalan', 'kota', 'datar', 'tanjak', 'daerah', 'gunung', 'harno', 'bang', 'mari', 'coba', 'anak', 'muda', 'gembira', 'harno', 'coba', 'dorong', 'mobil', 'anak', 'muda', 'coba', 'nyala', 'mesin', 'harno', 'kali', 'dorong', 'mobil', 'anak', 'muda', 'nyala', 'mesin']",0
"['mobil', 'gerak', 'meter', 'mobil', 'gerak', 'harno', 'kuat', 'mobil', 'mobil', 'mogok', 'gerak', 'meter', 'dorong', 'harno', 'dorong', 'pengaruh', 'gerak', 'mobil', 'coba', 'ulang', 'kali', 'mobil', 'gerak', 'maju', 'mesin', 'mobil', 'nyala', 'anak', 'muda', 'harno', 'gembira', 'nyala', 'mas', 'sila', 'langsung', 'bengkel', 'harno', 'senyum', 'puas', 'maaf', 'bang', 'uang', 'sukarela', 'anak', 'muda', 'serah', 'lembar', 'uang', 'harno', 'angkat', 'tangan', 'mas', 'sila', 'bengkel', 'terima', 'kasih', 'ya', 'bang', 'terima', 'kasih', 'bantu', 'dorong', 'mobil', 'teriak', 'anak', 'muda', 'senyum', 'gembira', 'iya', 'harno', 'lambai', 'tangan', 'harno', 'senang', 'lega', 'harno', 'bantu', 'anak', 'muda', 'ikhlas', 'harno', 'harap', 'imbal', 'anak', 'muda']",0
"['ting', 'ting', 'ting', 'ting', 'bakso', 'bakso', 'harno', 'pukul', 'mangkuk', 'teriak', 'tarik', 'calon', 'beli', 'harno', 'dorong', 'gerobak', 'perlahan-lahan', 'harno', 'jalan', 'tanah', 'lapang', 'tepi', 'kampung', 'udara', 'sore', 'panas', 'anak', 'main', 'bola', 'tanah', 'lapang', 'ting', 'ting', 'ting', 'ting', 'bakso', 'bakso', 'teriak', 'harno', 'tepi', 'tanah', 'lapang', 'harno', 'istirahat', 'tepi', 'tanah', 'lapang', 'harno', 'perhati', 'anak', 'main', 'sepak', 'bola', 'bola', 'diam', 'gerak']",0
"['bola', 'gerak', 'main', 'tendang', 'bola', 'gerak', 'gaya', 'otot', 'main', 'main', 'lawan', 'masuk', 'bola', 'gawang', 'kiper', 'hasil', 'tangkap', 'bola', 'bola', 'layang', 'henti', 'diam', 'dekap', 'kiper', 'harno', 'hibur', 'main', 'bola', 'anak', 'asyik', 'harno', 'tonton', 'sepak', 'bola', 'henti', 'harno', 'toleh', 'arah', 'sumber', 'suara', 'serrr', 'serrr', 'serrr', 'anak', 'perempuan', 'lintas', 'harno', 'anak', 'perempuan', 'main', 'sepatu', 'roda', 'suara', 'muncul', 'benda', 'gesek']",0
"['benda', 'gesek', 'roda', 'sepatu', 'jalan', 'aspal', 'kali', 'anak', 'perempuan', 'lintas', 'harno', 'harno', 'dengar', 'suara', 'benda', 'jatuh', 'brukk', 'anak', 'perempuan', 'main', 'sepatu', 'roda', 'jatuh', 'harno', 'dekat', 'anak', 'perempuan', 'anak', 'perempuan', 'mering', 'tahan', 'sakit', 'abang', 'bantu', 'dik', 'harno', 'tawar', 'bantu', 'anak', 'perempuan', 'angguk', 'harno', 'bantu', 'anak', 'perempuan', 'diri', 'hati', 'ya', 'main', 'sepatu', 'roda', 'pelan', 'kencang', 'harno', 'nasihat', 'anak', 'perempuan', 'anak', 'perempuan', 'senyum', 'tinggal', 'harno']",0
"['areal', 'sawah', 'tani', 'diri', 'pandang', 'tanam', 'jagung', 'bulan', 'tanam', 'jagung', 'tanam', 'tanam', 'jagung', 'hijau', 'keliling', 'petak', 'sawah', 'mata', 'henti', 'rumput', 'liar', 'tanam', 'jagung', 'tunggu', 'saleh', 'singsing', 'lengan', 'baju', 'turun', 'sawah', 'siang', 'rumput', 'tanam', 'jagung', 'panas', 'matahari', 'kian', 'sengat', 'saleh', 'seka', 'muka', 'lengan', 'baju', 'peduli', 'panas', 'bakar', 'kulit', 'bersih', 'rumput', 'ganggu', 'azan', 'zuhur', 'kumandang', 'jauh', 'henti', 'lang', 'tepi', 'sawah', 'jalan', 'susur', 'pematang', 'henti', 'gubug', 'sawah', 'botol', 'minum', 'raih', 'lepas', 'lelah', 'nikmat', 'hampar', 'hijau', 'biru', 'langit', 'nun', 'bukit', 'hijau']",0
"['istirahat', 'saleh', 'dengar', 'suara', 'dekat', 'gubug', 'saleh', 'istirahat', 'iya', 'jati', 'mari', 'istirahat', 'pulang', 'ajak', 'saleh', 'jati', 'jati', 'duduk', 'saleh', 'gubug', 'saleh', 'kontes', 'jagung', 'camat', 'witahama', 'jati', 'iya', 'daftar', 'kantor', 'lurah', 'jati', 'kontes', 'saleh']",0
"['tanam', 'jagung', 'doa', 'moga', 'saleh', 'menang', 'kontes', 'jati', 'amin', 'terima', 'kasih', 'doa', 'harap', 'menang', 'penting', 'partisipasi', 'oleh', 'alam', 'kontes', 'saleh', 'minggu', 'jati', 'temu', 'saleh', 'sawah', 'saleh', 'siang', 'rumput', 'otot', 'tangan', 'saleh', 'kuat', 'cabut', 'rumput', 'liar']",0
"['selamat', 'saleh', 'pilih', 'tani', 'jagung', 'baik', 'bangga', 'bawa', 'nama', 'desa', 'teriak', 'jati', 'terima', 'kasih', 'jati', 'berkat', 'doa', 'tetangga', 'saleh', 'rendah', 'hati', 'orang', 'penasaran', 'rawat', 'tanam', 'jagung', 'jati', 'ada', 'rawat', 'tanam', 'jagung', 'milik', 'resep', 'rahasia', 'tanam', 'jagung', 'saleh', 'pupuk', 'rahasia', 'jati', 'penasaran', 'pupuk', 'rahasia', 'resep', 'rahasia', 'orang', 'percaya', 'milik', 'resep', 'rahasia', 'saleh', 'resep', 'rahasia', 'saleh', 'jati', 'penuh', 'harap', 'bagi', 'benih', 'jagung', 'baik', 'tani', 'sawah', 'saleh', 'senyum']",0
"['lo', 'benih', 'jagung', 'baik', 'tani', 'kunci', 'tanam', 'jagung', 'serbuk', 'sari', 'putik', 'iya', 'lantas', 'jati', 'angin', 'terbang', 'serbuk', 'sari', 'bunga', 'masak', 'angin', 'tebar', 'sawah', 'sawah', 'saleh', 'cerdas', 'puji', 'jati', 'coba', 'bayang', 'tanam', 'jagung', 'sawah', 'belah', 'buruk', 'serbuk', 'sari', 'tebar', 'sawah', 'buruk', 'turun', 'kualitas', 'jagung', 'sawah', 'terang', 'saleh', 'jati']",0
"['musim', 'tanam', 'coba', 'resep', 'saleh', 'jati', 'hidup', 'tani', 'hasil', 'tolong', 'orang', 'hasil', 'hidup', 'tolong', 'orang', 'hidup', 'saleh', 'jati', 'jati', 'senyum', 'dengar', 'kata', 'saleh', 'angin', 'sepoi', 'terpa', 'wajah', 'tani', 'nikmat', 'udara', 'pandang', 'hijau', 'sawah']",0
"['dita', 'keluarga', 'tinggal', 'lereng', 'gunung', 'arjuna', 'kabupaten', 'malang', 'ayah', 'dita', 'tani', 'sayur', 'potensi', 'tanah', 'subur', 'humus', 'ayah', 'dita', 'duduk', 'daerah', 'manfaat', 'lahan', 'optimal', 'masyarakat', 'lereng', 'gunung', 'arjuna', 'milik', 'kerja', 'tani', 'sayur', 'pagi', 'ayah', 'dita', 'warga', 'pergi', 'ladang', 'rawat', 'tanam', 'sayur', 'bibit', 'pupu', 'air', 'air', 'manfaat', 'air', 'irigasi', 'sungai', 'lanang', 'irigasi', 'sudimoro', 'watu', 'gugut']",0
"['tani', 'sayur', 'pilih', 'hidup', 'identitas', 'ayah', 'dita', 'kecuali', 'masyarakat', 'lereng', 'gunung', 'arjuna', 'cinta', 'tani', 'ayah', 'pilih', 'tani', 'sayur', 'dita', 'dita', 'ladang', 'ayah', 'jalan', 'remaja', 'ayah', 'bantu', 'kakek', 'ladang', 'tani', 'sayur', 'bangga', 'ayah', 'dita', 'bangga', 'dita', 'percaya']",0
"['iya', 'percaya', 'ayah', 'dita', 'dita', 'diam', 'eleng', 'kepala', 'dita', 'paham', 'maksud', 'ayah', 'dita', 'tahu', 'orang', 'hasil', 'keringat', 'ayah', 'hasil', 'keringat', 'ayah', 'ayah', 'dita', 'sayur', 'dita', 'ragu', 'iya', 'nak', 'orang', 'konsumsi', 'sayur', 'sayur', 'makan', 'sehat', 'tubuh', 'ayah', 'dita', 'dita', 'angguk', 'kepala', 'dita', 'ayo', 'ayah', 'ladang', 'ayah', 'panen', 'wortel', 'tomat', 'dita', 'giat', 'ladang', 'milik', 'ayah', 'iya', 'dita', 'ayah', 'ayo', 'pergi', 'ladang', 'dita']",0
"['baik', 'ayah', 'siap', 'lupa', 'bawa', 'air', 'minum', 'ya', 'ayah', 'pakai', 'topi', 'dita', 'ambil', 'topi', 'botol', 'minum', 'ayah', 'dita', 'berangkat', 'ladang', 'udara', 'desa', 'tinggal', 'dita', 'sejuk', 'ada', 'muka', 'air', 'laut', 'desa', 'tinggal', 'dita', 'milik', 'hawa', 'dingin', 'jelang', 'malam', 'desa', 'hiruk', 'pikuk', 'polusi', 'udara']",0
"['ayah', 'dita', 'ladang', 'ayah', 'tunggu', 'orang', 'bantu', 'beliau', 'dita', 'orang', 'bantu', 'ayah', 'tugas', 'panen', 'sayur', 'tugas', 'panggul', 'hasil', 'panen', 'alir', 'sungai', 'cuci', 'bantu', 'pindah', 'sayur', 'mobil', 'angkut', 'orang', 'latih', 'milik', 'otot', 'kuat', 'pekerjaanpekerjaan', 'terang', 'ayah', 'dita', 'dita', 'dengar', 'jelas', 'ayah', 'dita', 'dengar', 'kata', 'ayah', 'perhati', 'orang']",0
"['lantas', 'sayur', 'bawa', 'kota', 'yah', 'dita', 'hasil', 'panen', 'bawa', 'sopir', 'mobil', 'angkut', 'pasar', 'induk', 'pasar', 'induk', 'kota', 'sayur', 'ayah', 'nanti', 'beli', 'pasar', 'induk', 'beli', 'jual', 'sayur', 'jual', 'pasar', 'tradisional', 'pasar', 'tradisional', 'sayur', 'beli', 'masyarakat', 'nikmat', 'hasil', 'keringat', 'ayah', 'dita', 'ayah', 'dita', 'ayah', 'hasil', 'keringat', 'ayah', 'nanti', 'orang', 'dita', 'senyum']",0
"['pintar', 'nak', 'paham', 'maksud', 'ayah', 'ayah', 'ayah', 'boleh', 'dita', 'dita', 'takut', 'nak', 'ayah', 'ayah', 'sayur', 'hasil', 'keringat', 'ayah', 'laku', 'optimis', 'dita', 'usaha', 'hasil', 'sayur', 'kualitas', 'bagus', 'jaga', 'kualitas', 'produksi', 'sayur', 'ladang', 'salah', 'kunci', 'sayur', 'laku', 'pasar', 'nanti', 'konsumen', 'ayah', 'ayah', 'dita']",0
"['rawat', 'tanam', 'sayur', 'malas', 'ladang', 'periksa', 'tanam', 'sayur', 'pupuk', 'air', 'kurang', 'lebih', 'pupuk', 'rusak', 'tumbuh', 'tanam', 'sayur', 'khawatir', 'subur', 'tanah', 'air', 'alir', 'daerah', 'bantu', 'kembang', 'tanam', 'sayur', 'ladang', 'ayah', 'dita', 'dengar', 'jelas', 'ayah', 'saksama']",0
"['hati', 'dita', 'bangga', 'ayah', 'tani', 'sayur', 'ayah', 'kenal', 'lelah', 'hasil', 'sayur', 'kualitas', 'butuh', 'masyarakat', 'harga', 'sayur', 'terkadang', 'anjlok', 'ayah', 'masyarakat', 'gantung', 'hidup', 'tani', 'sayur', 'ajar', 'dita', 'ambil', 'ayah', 'kerja', 'tekun', 'sepenuh', 'hati']",0
